Dougherty,Antwan,ADoughertycom,Phi,FR
Knox,Patrick,PKnoxxedu,Art,SR
Parrish,Shane,SParrishcom,Ger,SO
Kerr,Jerome,JKerrxedu,Jou,SR
Foley,Adriel,AFoleycom,Avi,JR
Wagner,Seamus,SWagnercom,Ele,SR
Hobbs,Ashton,AHobbsedu,Urb,FR
Petty,Evie,EPettyedu,Pub,SO
Myers,Leandro,LMyersedu,Cou,SR
Roberts,Julia,JRobertsedu,Lib,FR
Brandt,Lukas,LBrandtcom,Med,FR
Livingston,Alani,ALivingstoncom,Urb,SO
Peterson,Jamiya,JPetersonedu,Med,JR
Roy,Kirsten,KRoyxxedu,Man,FR
Copeland,Johnny,JCopelandedu,Int,FR
Wong,Amirah,AWongxcom,Cre,SO
Kline,Luciano,LKlinecom,Cyb,SO
Joseph,Lance,LJosephcom,Bio,SR
Rangel,Paula,PRangelcom,Neu,SR
Massey,Jamie,JMasseycom,Mus,SR
Rubio,Karli,KRubiocom,Exe,SR
Mcguire,Ellis,EMcguirecom,Con,JR
Oliver,Madyson,MOlivercom,Sec,FR
Fry,Serenity,SFryxxcom,Ele,JR
Leon,Jaliyah,JLeonxedu,Geo,SO
Guerrero,Parker,PGuerreroedu,Pol,FR
Kemp,Milagros,MKempxedu,Avi,SR
Garza,Aniya,AGarzacom,Edu,FR
Roberts,Zoe,ZRobertsedu,The,SO
Chan,Ryder,RChanxcom,Com,SR
Norton,Antonio,ANortoncom,Mus,SR
Kim,Jazlene,JKimxxcom,Com,JR
Cox,America,ACoxxxcom,Avi,SR
Rogers,Colby,CRogersedu,Soc,SR
Conrad,Stella,SConradcom,Bio,SO
Mccullough,Micheal,MMcculloughcom,Hea,SR
Hardy,Kolby,KHardycom,Mus,JR
Tapia,Sophia,STapiacom,Che,FR
Jacobson,Addison,AJacobsoncom,Con,JR
Terrell,Aimee,ATerrellcom,Eme,FR
Cannon,Abagail,ACannoncom,Avi,FR
Conrad,Donald,DConradcom,Man,JR
Medina,Tiana,TMedinacom,Edu,JR
Vasquez,Edwin,EVasquezedu,Sec,SO
Mcclain,Sofia,SMcclaincom,Pub,SR
Nash,Braylon,BNashxcom,Inf,FR
Buchanan,Chaya,CBuchanancom,For,SR
Juarez,Charlize,CJuarezcom,Rel,SR
Yu,Xzavier,XYuxxxcom,Ger,SO
Kent,Timothy,TKentxcom,Jou,FR
Jones,Bailee,BJonescom,Bio,SR
Hoover,Elizabeth,EHoovercom,Eng,FR
Ramos,Jaida,JRamoscom,Avi,SR
Livingston,Perla,PLivingstoncom,Con,SR
Simpson,Shayna,SSimpsoncom,Eme,SO
Dawson,Jan,JDawsoncom,Wri,JR
Huffman,Aryana,AHuffmancom,Mul,SO
Fernandez,Hillary,HFernandezcom,Wom,JR
Barnes,Hillary,HBarnescom,Com,FR
Parks,Kayla,KParkscom,Eco,SR
Murphy,Todd,TMurphycom,Sch,FR
Kelley,Melissa,MKelleycom,Arc,SR
Gross,Abbigail,AGrosscom,Ath,SO
Benton,Alina,ABentoncom,Spe,SO
Klein,Jadon,JKleincom,Com,SO
Love,Saul,SLovexcom,Inf,SO
Galvan,Ingrid,IGalvancom,Neu,FR
Logan,Zachery,ZLoganedu,Kin,FR
Singleton,Rubi,RSingletonedu,Soc,SO
Esparza,Emiliano,EEsparzaedu,Man,JR
Salazar,Sierra,SSalazarcom,Cou,FR
Blair,Ashlyn,ABlaircom,Acc,SR
Barrera,Destiney,DBarreraedu,Com,JR
Good,Armani,AGoodxedu,Bio,FR
Mcneil,Maximus,MMcneilcom,Cre,JR
Peters,Jalen,JPeterscom,Ath,JR
Preston,Chana,CPrestoncom,Inf,SR
Simmons,Asia,ASimmonsedu,Mus,FR
Mccarty,Ronan,RMccartycom,Bio,SO
Mitchell,Adrianna,AMitchellcom,Arc,FR
Evans,Molly,MEvanscom,His,SR
Mcclure,Lilah,LMcclurecom,Sch,SR
Riddle,Lola,LRiddlecom,Psy,JR
Novak,Khloe,KNovakcom,Soc,JR
Harding,Elyse,EHardingcom,Lit,SR
Clark,Aditya,AClarkcom,Mat,FR
Patterson,Alvin,APattersoncom,Edu,SR
Benson,Deegan,DBensonedu,For,FR
Mcbride,Aaron,AMcbrideedu,Eng,SR
West,Lilyana,LWestxcom,Acc,SO
Liu,Connor,CLiuxxcom,Cri,SO
Camacho,Asher,ACamachoedu,Pol,SO
Hancock,Myles,MHancockcom,Mat,SO
Cook,Asher,ACookxcom,Ger,SO
Tanner,Cale,CTannercom,Pol,SO
Hester,Trent,THestercom,Wri,SO
Romero,Cristofer,CRomeroedu,Bla,SO
Caldwell,Maren,MCaldwellcom,Acc,SO
Long,Matthew,MLongxcom,Civ,FR
Booker,Remington,RBookercom,The,JR
